Name	Latitude	Longitude	Day	Type	Notes
Split Airport (SPU)	43.5389	16.298	Oct 10 · Split	hub	Arrival. ~35 min / 24 km to Old Town by car; airport shuttle bus ~45 min.
Diocletian's Palace – Peristyle	43.5081	16.4402	Oct 10 · Split	culture	Heart of the palace. Go at night too — lit up, live klapa singing some evenings.
Cathedral of St. Domnius & Bell Tower	43.5078	16.4405	Oct 10 · Split	culture	Climb the bell tower for the best Old Town rooftop view.
Palace Cellars (Substructures)	43.5076	16.44	Oct 10 · Split	culture	Rain-proof; Game of Thrones filming location.
Golden Gate & Grgur Ninski statue	43.5093	16.4398	Oct 10 · Split	culture	Rub the statue's toe for luck.
Riva Promenade	43.5075	16.4385	Oct 10 · Split	relax	Evening stroll + coffee.
Green Market (Pazar)	43.5087	16.4415	Oct 10 · Split	food	Morning produce, figs, cheese, dried lavender. [added]
Vidilica Café (Marjan viewpoint)	43.5095	16.4299	Oct 10 · Split	nature	15-min stair climb from Varoš; sunset view over Split. [added]
Marjan – Telegrin summit	43.5087	16.4133	Oct 10 · Split	nature	Top of Marjan; full loop 2–3 h.
Kasjuni Beach	43.504	16.4025	Oct 10 · Split	relax	Quieter Marjan beach if warm. [added]
Salona Archaeological Park	43.539	16.483	Oct 10 · Split	alt	Roman provincial capital ruins, 15 min from Split.
Bačvice Beach	43.502	16.447	Oct 10 · Split	relax	City beach; play picigin. [added]
Plitvice – Entrance 1	44.9019	15.6097	Oct 11 · Plitvice	nature	Program H starts from Entrance 2 (bus); Program C from Entrance 1. Arrive by 8–9 am.
Plitvice – Entrance 2	44.8813	15.6222	Oct 11 · Plitvice	nature	Start of Program H.
Veliki Slap (Great Waterfall)	44.9031	15.61	Oct 11 · Plitvice	nature	78 m — tallest in Croatia.
Kozjak Lake boat (P1–P2)	44.88	15.618	Oct 11 · Plitvice	nature	Electric boat crossing, included in ticket.
Galovac & Upper Lakes	44.87	15.601	Oct 11 · Plitvice	nature	Best cascades; autumn colour peak mid-Oct.
Viewpoint over Lower Lakes (Kozjačka)	44.9005	15.609	Oct 11 · Plitvice	nature	Classic postcard shot near Entrance 1.
Rastoke (Slunj)	45.1224	15.5808	Oct 11 · Plitvice	alt	Water-mill village, ~30 min north of park.
Barać Caves	45.0119	15.5669	Oct 11 · Plitvice	alt	Rain fallback, ~25 min from park.
Restaurant Lička Kuća	44.902	15.608	Oct 11 · Plitvice	food	Lamb & Lika potatoes by Entrance 1. [added]
Krka NP – Skradinski Buk	43.805	15.963	Oct 12 · Drive south	alt	[added] Right off the A1; big travertine falls. Only if you want more waterfalls — adds ~1.5 h.
Šibenik – St. James Cathedral	43.7367	15.8889	Oct 12 · Drive south	alt	UNESCO cathedral; prettier old town, more detour.
Trogir Old Town	43.517	16.251	Oct 12 · Drive south	culture	UNESCO island town; lunch on the waterfront.
Kamerlengo Fortress	43.516	16.248	Oct 12 · Drive south	culture	Trogir's fortress walk-up.
Klis Fortress	43.5596	16.5234	Oct 12 · Drive south	culture	Plitvice → Klis 2 h 18 min; Klis → Split 20 min. Go for sunset.
Restoran Perlica (Klis)	43.562	16.526	Oct 12 · Drive south	food	Spit-roast lamb (Klis is famous for it). [added]
Omiš Old Town	43.4447	16.6886	Oct 13 · Omiš & Cetina	culture	Split → Omiš 41 min / 25 km.
Cetina rafting put-in (Penšići area)	43.44	16.77	Oct 13 · Omiš & Cetina	adventure	Half-day rafting, 3–4 h; operators pick up in Omiš.
Radmanove Mlinice	43.445	16.727	Oct 13 · Omiš & Cetina	food	Riverside mill restaurant — rafting take-out. Trout!
Zipline Omiš	43.448	16.7	Oct 13 · Omiš & Cetina	adventure	8 lines over the canyon, ~3 h incl. transfer.
Fortica (Starigrad) Fortress	43.446	16.696	Oct 13 · Omiš & Cetina	adventure	Steep ~1 h hike, huge canyon/sea view.
Mirabela Fortress	43.445	16.69	Oct 13 · Omiš & Cetina	culture	Easy 10-min climb from town.
Gubavica Waterfall	43.427	16.796	Oct 13 · Omiš & Cetina	nature	Canyon waterfall viewpoint above Zadvarje. [added]
Biokovo Skywalk	43.32	17.058	Oct 13 · Omiš & Cetina	alt	Glass platform, ~1 h 15 from Omiš via Makarska. Check park road hours/wind.
Makarska	43.2969	17.0178	Oct 13 · Omiš & Cetina	alt	Base town for Biokovo. [added]
Split Ferry Port	43.5033	16.4413	Oct 14 · Hvar Town	hub	Catamaran to Hvar Town ~1 h 05 (Jadrolinija / Kapetan Luka / TP Line).
Hvar Town catamaran pier	43.1715	16.4405	Oct 14 · Hvar Town	hub	Arrival.
St. Stephen's Square & Cathedral	43.1722	16.442	Oct 14 · Hvar Town	culture	Largest square in Dalmatia.
Fortica (Španjola) Hvar	43.1745	16.441	Oct 14 · Hvar Town	nature	20-min climb; sunset over Pakleni Islands.
Franciscan Monastery	43.1695	16.4455	Oct 14 · Hvar Town	culture	Seaside cloister, Last Supper painting.
Arsenal & Renaissance Theatre	43.1717	16.4412	Oct 14 · Hvar Town	culture	One of Europe's oldest public theatres (1612). [added]
Pakleni Islands – Palmižana	43.163	16.396	Oct 14 · Hvar Town	relax	Taxi boat 15–20 min if sea is calm.
Pokonji Dol beach	43.164	16.461	Oct 14 · Hvar Town	relax	20-min coastal walk east of town.
Hula Hula Beach Bar	43.1686	16.433	Oct 14 · Hvar Town	food	Sunset drinks, west promenade. [added]
Velo Grablje	43.17	16.508	Oct 15 · Hvar Island loop	nature	Abandoned lavender village; Konoba Zbondini. 15 min from town.
Malo Grablje	43.158	16.517	Oct 15 · Hvar Island loop	nature	Ghost village; Konoba Stori Komin. [route option]
Milna (Hvar)	43.1575	16.491	Oct 15 · Hvar Island loop	relax	Small cove village.
Brusje	43.186	16.477	Oct 15 · Hvar Island loop	nature	Hilltop village, herb & olive country.
Dubovica Beach	43.1537	16.526	Oct 15 · Hvar Island loop	relax	Park at road, 15-min walk down. 15 min from Hvar Town.
Stari Grad & Tvrdalj	43.1842	16.5945	Oct 15 · Hvar Island loop	culture	Oldest town in Croatia (384 BC). 25 min from Hvar Town.
Stari Grad Plain (UNESCO)	43.178	16.63	Oct 15 · Hvar Island loop	nature	Greek field grid 2,400 years old; cycle or drive through.
Vrboska	43.181	16.675	Oct 15 · Hvar Island loop	culture	'Little Venice' of Hvar; 15 min past Stari Grad.
Jelsa	43.1618	16.6932	Oct 15 · Hvar Island loop	food	Nice harbour for lunch. [added]
Sveta Nedjelja	43.1449	16.6102	Oct 15 · Hvar Island loop	adventure	Via Pitve tunnel; cliff climbing, vineyards (Zlatan Otok winery).
Zlatan Otok Winery	43.144	16.612	Oct 15 · Hvar Island loop	food	Tasting at Sveta Nedjelja. [added]
Dubrovnik Gruž Port	42.658	18.085	Oct 16–17 · Dubrovnik	hub	Catamaran from Hvar ~3 h 30–4 h; taxi/bus to Pile 15 min.
Pile Gate	42.6415	18.107	Oct 16–17 · Dubrovnik	culture	Main entrance.
Stradun	42.641	18.1098	Oct 16–17 · Dubrovnik	culture	Main street.
Old Port	42.6405	18.1135	Oct 16–17 · Dubrovnik	culture	Boats to Lokrum leave here.
Cable Car lower station	42.643	18.114	Oct 16–17 · Dubrovnik	hub	4 min up.
Mount Srđ / Fort Imperial	42.648	18.115	Oct 16–17 · Dubrovnik	nature	Hike 45–60 min or cable car; go for sunset.
City Walls entrance (Pile)	42.6419	18.1073	Oct 16–17 · Dubrovnik	culture	Start 8 am opening; 2 km loop, 1.5–2 h.
Minčeta Tower	42.6428	18.1085	Oct 16–17 · Dubrovnik	culture	Highest point on the walls.
Fort Lovrijenac	42.641	18.104	Oct 16–17 · Dubrovnik	culture	Included with walls ticket.
Lokrum Island	42.627	18.121	Oct 16–17 · Dubrovnik	nature	15-min ferry; botanical garden, Dead Sea lake, peacocks.
Sea kayak launch (Pulitika / Pile)	42.6417	18.106	Oct 16–17 · Dubrovnik	adventure	Kayak to Lokrum & Betina cave, ~3 h.
Rector's Palace	42.6403	18.1109	Oct 16–17 · Dubrovnik	culture	Rain option.
Maritime Museum (St. John Fortress)	42.6397	18.1137	Oct 16–17 · Dubrovnik	culture	Rain option.
Buža Bar	42.6388	18.1102	Oct 16–17 · Dubrovnik	relax	Cliff-side bar outside the walls. [added]
Banje Beach	42.6415	18.1165	Oct 16–17 · Dubrovnik	relax	Old Town view beach. [added]
Trsteno Arboretum	42.712	17.975	Oct 16–17 · Dubrovnik	alt	25 min north; windy-sea alternate.
Kravica Waterfalls	43.1566	17.6078	Oct 18 · Herzegovina	nature	Dubrovnik → Kravica ~2 h 15 incl. border.
Počitelj	43.1339	17.7314	Oct 18 · Herzegovina	culture	Ottoman fortress village, 20 min from Kravica.
Blagaj Tekke	43.2567	17.9024	Oct 18 · Herzegovina	alt	Dervish house at Buna spring; 20 min from Mostar.
Stari Most (Old Bridge)	43.3373	17.815	Oct 18 · Herzegovina	culture	Watch divers; Kujundžiluk bazaar.
Koski Mehmed Pasha Mosque minaret	43.3393	17.8144	Oct 18 · Herzegovina	culture	Best bridge viewpoint.
Crooked Bridge (Kriva Ćuprija)	43.3383	17.8138	Oct 18 · Herzegovina	culture	Tiny predecessor to Stari Most. [added]
Kotor, Montenegro	42.4247	18.7712	Oct 18 · Herzegovina	alt	Alternative day trip instead of Bosnia.
Cavtat Riva	42.5808	18.218	Oct 19 · Departure	relax	If late flight. 10 min to airport.
Račić Mausoleum	42.5836	18.214	Oct 19 · Departure	culture	Meštrović-designed, on Cavtat peninsula.
Dubrovnik Airport (DBV)	42.5614	18.2682	Oct 19 · Departure	hub	Old Town → airport 32 min / 22 km.
STAY Oct 10–11 · Split Old Town	43.5085	16.44	Stays (neighbourhoods)	stay	Inside/next to the palace. Walkable everything.
STAY Oct 11–12 · Plitvice (Mukinje / Rastovača)	44.885	15.628	Stays (neighbourhoods)	stay	Walk or 5-min drive to Entrance 2 — early start.
STAY Oct 12–14 · Split (Varoš / Old Town)	43.51	16.434	Stays (neighbourhoods)	stay	Pick a place with parking if you still have the car.
STAY Oct 14–16 · Hvar Town	43.171	16.443	Stays (neighbourhoods)	stay	The splurge nights.
STAY Oct 16–19 · Dubrovnik (Ploče / Pile)	42.642	18.115	Stays (neighbourhoods)	stay	Just outside the walls = easier luggage + views.